Location ,1-Apr,2-Apr,3-Apr,4-Apr,5-Apr,6-Apr,7-Apr,8-Apr,9-Apr,10-Apr,11-Apr,12-Apr,13-Apr,14-Apr,15-Apr,16-Apr,17-Apr,18-Apr,19-Apr,20-Apr,21-Apr,22-Apr,23-Apr,24-Apr,25-Apr,26-Apr,27-Apr,28-Apr,29-Apr,30-Apr,1-May,2-May,3-May,4-May,5-May,6-May,7-May,8-May,9-May,10-May,11-May,12-May,13-May,14-May,15-May,16-May,17-May,18-May,19-May,20-May,21-May,22-May,23-May,24-May,25-May,26-May,27-May,28-May,29-May,30-May,31-May,1-Jun,2-Jun,3-Jun,4-Jun,5-Jun,6-Jun,7-Jun,8-Jun,9-Jun,10-Jun,11-Jun,12-Jun,13-Jun,14-Jun,15-Jun,16-Jun,17-Jun,18-Jun,19-Jun,20-Jun,21-Jun,22-Jun,23-Jun,24-Jun,25-Jun,26-Jun,27-Jun,28-Jun,29-Jun,30-Jun,1-Jul,2-Jul,3-Jul,4-Jul,5-Jul,6-Jul,7-Jul,8-Jul,9-Jul,10-Jul,11-Jul,12-Jul,13-Jul,14-Jul
City of Agoura Hills,10,14,16,17,18,18,19,19,20,20,20,20,20,21,21,22,22,24,24,26,29,29,29,29,29,30,30,30,31,31,31,31,31,31,31,31,31,31,31,31,31,32,32,33,33,33,33,33,33,33,33,33,33,33,35,35,35,35,35,35,35,35,35,35,35,35,35,35,35,36,36,36,37,38,38,38,39,39,43,43,45,47,47,48,49,50,50,51,52,54,58,61,62,62,63,64,65,68,69,69,73,73,74,76,78
City of Baldwin Park,3,5,7,9,10,11,11,12,15,18,22,25,28,31,34,35,37,40,41,44,52,57,62,67,70,72,73,77,83,85,89,94,100,107,116,124,126,128,144,149,152,158,168,178,181,191,192,195,207,214,224,235,248,261,271,286,294,303,325,338,347,357,367,376,382,393,405,407,412,419,427,445,464,484,494,513,535,552,561,576,594,620,656,710,726,744,760,785,824,865,903,929,952,987,1023,1059,1095,1137,1168,1189,1215,1254,1301,1339,1392
City of Bell Gardens,5,5,8,10,12,11,12,17,21,23,26,28,33,35,39,41,46,52,54,58,63,70,75,80,82,82,84,90,97,103,106,109,109,110,117,121,125,129,133,133,136,140,149,152,156,158,159,162,171,185,194,204,209,219,223,257,260,266,285,311,320,324,335,339,353,358,359,368,374,393,398,416,429,435,448,453,469,493,500,507,532,556,577,590,592,604,618,636,662,678,703,715,722,735,748,761,774,821,859,870,901,927,945,966,992
City of Beverly Hills,39,45,53,60,65,65,70,71,71,71,73,74,74,76,78,78,78,80,80,94,99,100,102,103,103,104,105,105,106,106,108,110,112,113,114,116,115,116,118,119,119,120,120,123,125,124,125,125,125,125,126,128,128,128,130,134,135,137,138,139,138,139,139,140,141,144,146,147,149,150,152,155,158,165,169,174,176,188,190,191,197,199,201,203,203,206,207,218,229,235,237,243,246,261,276,291,306,311,329,331,351,372,389,402,419
City of Bradbury,0,0,0,0,0,0,0,0,0,0,0,0,0,76,78,78,78,80,80,94,99,100,102,103,1,1,1,1,1,1,1,1,1,1,1,1,1,1,2,2,2,2,2,2,2,2,2,2,2,2,3,3,3,3,3,3,3,3,3,3,3,3,4,4,4,4,4,4,4,4,4,4,4,4,4,4,4,4,4,4,5,5,5,5,6,6,6,6,6,6,6,6,6,6,6,6,7,7,7,7,7,7,7,7,7
City of Burbank,39,41,50,61,70,77,79,83,88,96,100,102,103,108,112,117,121,134,134,141,151,170,188,203,208,219,222,226,234,237,241,252,256,260,270,283,288,291,299,303,304,314,318,329,338,342,345,350,356,360,363,368,370,371,380,390,393,394,395,399,402,404,405,405,408,408,409,418,419,424,426,431,436,441,443,445,447,463,465,474,480,490,516,519,524,529,536,542,555,568,580,586,590,597,605,613,621,645,656,661,678,699,713,725,748
City of Calabasas,13,13,16,16,20,20,20,20,21,23,23,23,25,26,26,26,26,26,25,29,29,31,31,33,34,34,34,35,35,37,38,38,43,44,46,46,47,47,47,47,47,48,48,49,50,50,51,51,51,52,52,52,53,53,58,58,59,59,61,64,69,81,84,85,86,87,90,92,92,94,95,96,98,98,99,98,98,98,99,101,102,103,104,108,109,112,115,117,119,124,126,130,132,133,134,135,137,140,141,142,145,148,151,155,156
City of Cerritos,8,10,11,15,20,23,27,29,29,30,32,32,33,33,34,34,35,37,38,40,42,44,45,47,47,48,48,49,50,51,52,55,56,57,60,60,63,64,67,69,69,74,78,82,83,83,86,88,91,97,98,100,104,107,108,114,116,118,120,124,125,129,129,130,132,135,136,138,138,141,144,149,151,153,153,157,160,162,164,166,170,179,186,193,196,199,199,207,210,219,224,230,237,240,244,248,252,260,273,278,285,291,300,308,321
City of Commerce*,3,0,0,0,0,0,0,0,10,10,10,12,12,13,13,5,5,5,6,7,9,10,10,10,10,10,10,11,11,11,13,13,13,13,12,14,14,15,17,19,19,21,22,22,22,22,22,23,29,37,41,42,43,46,46,57,58,58,71,75,76,80,79,81,84,85,86,91,91,95,99,112,119,121,124,124,132,139,142,142,146,151,158,168,170,174,178,183,185,189,198,203,208,213,219,224,230,242,249,252,258,265,270,280,290
City of Cudahy,8,9,10,12,15,16,18,19,19,20,21,21,21,23,24,25,26,27,27,30,40,49,54,54,55,60,60,63,67,70,74,78,80,80,83,91,93,96,98,98,98,99,109,112,114,115,116,118,127,139,147,153,158,165,168,200,201,202,219,252,255,261,265,267,275,286,291,296,299,303,311,318,334,343,344,350,357,362,368,368,379,393,403,408,410,417,420,427,436,444,460,463,473,482,492,502,512,522,534,545,551,566,577,588,605
City of Culver City,17,19,20,23,26,27,29,29,30,31,31,31,32,34,34,36,36,37,38,40,44,45,49,53,56,58,58,58,60,64,66,67,67,68,85,88,90,93,94,116,118,118,121,121,123,127,128,128,129,130,134,135,135,136,137,137,138,144,147,150,159,161,161,161,161,162,162,164,164,163,164,166,168,172,175,175,176,176,179,181,187,186,188,189,191,191,193,197,203,205,210,214,218,221,224,227,230,232,234,237,242,245,247,248,261
City of Downey,37,43,47,52,68,71,79,84,89,94,100,101,102,106,111,114,118,124,126,137,147,155,170,179,182,187,193,195,211,215,224,233,235,236,244,253,264,271,279,289,294,306,331,347,362,398,405,437,449,472,483,498,519,531,548,578,590,605,679,727,736,745,766,788,808,829,853,868,877,900,923,949,993,1027,1035,1050,1068,1103,1132,1147,1182,1214,1273,1308,1332,1356,1385,1421,1481,1529,1608,1637,1678,1719,1760,1801,1842,1952,2014,2038,2090,2140,2202,2260,2349
City of Hawaiian Gardens,7,7,10,11,14,16,17,17,18,18,21,21,21,23,26,27,29,6,6,6,8,9,10,9,9,9,9,9,9,9,10,10,10,10,11,11,11,11,11,11,12,16,16,16,20,22,23,23,25,27,31,33,35,36,43,48,48,50,57,64,69,74,75,78,79,84,89,95,96,99,100,103,109,113,114,115,120,128,129,130,131,139,142,152,154,161,162,166,169,174,180,183,186,191,197,202,208,213,218,223,231,244,245,253,263
City of Hermosa Beach,12,15,17,17,17,18,18,18,17,17,17,17,17,17,17,17,18,19,19,21,22,22,22,23,23,23,23,23,23,23,23,23,24,24,24,25,25,25,25,25,25,25,25,25,25,26,26,26,27,28,28,28,28,28,28,29,29,29,29,29,29,29,30,32,35,36,35,35,35,36,36,38,41,42,45,42,45,47,48,49,53,56,56,61,62,63,63,69,72,74,77,77,79,82,85,88,91,97,99,102,107,113,117,120,122
City of Hidden Hills,0,0,0,0,0,0,0,0,0,0,0,0,0,0,0,0,0,0,0,0,0,0,0,0,0,0,0,0,0,0,0,0,0,0,0,0,0,0,1,1,1,1,1,1,1,1,1,1,1,1,1,1,1,1,1,1,1,1,1,1,3,3,3,3,3,3,3,3,3,3,3,3,3,3,3,3,3,3,3,3,4,4,4,4,4,4,4,4,4,4,4,4,4,4,4,4,5,5,5,5,5,5,5,5,5
City of Huntington Park,13,15,16,20,26,29,33,36,38,39,41,42,43,44,44,46,52,56,58,78,87,95,106,114,119,122,130,132,136,142,154,158,164,165,175,180,182,196,200,202,206,217,231,238,253,261,264,267,284,320,330,340,352,367,378,433,445,448,483,518,532,534,537,555,575,598,611,624,633,653,674,704,732,755,767,783,799,831,843,858,892,923,963,994,1006,1032,1054,1073,1105,1141,1175,1196,1234,1258,1282,1306,1331,1378,1403,1415,1445,1475,1505,1528,1570
City of La Habra Heights,0,0,0,0,0,0,0,16,16,17,20,20,22,22,23,24,26,26,26,30,33,35,37,38,2,2,2,2,2,2,2,2,3,3,3,3,4,4,4,4,4,7,7,7,8,8,8,8,8,8,8,8,8,8,8,8,8,8,8,9,9,9,9,9,10,10,10,11,11,11,11,12,12,12,12,12,12,12,12,12,13,13,13,13,13,13,13,15,15,15,15,15,16,16,16,16,16,17,17,17,19,19,19,19,19
City of Lancaster*,32,33,38,43,51,61,64,73,74,79,83,87,87,91,91,96,102,114,120,132,184,197,212,231,246,255,275,280,292,307,321,326,338,343,353,373,387,394,405,411,420,425,438,446,453,463,469,480,489,496,503,506,521,529,538,546,553,558,574,587,602,613,627,641,655,662,668,674,680,692,703,719,734,745,756,771,783,808,821,832,852,871,887,934,947,961,983,1032,1056,1081,1109,1128,1159,1189,1220,1251,1282,1305,1335,1364,1384,1426,1455,1479,1526
City of Lynwood*,20,21,23,28,37,43,47,51,58,64,68,68,73,79,84,89,95,99,101,103,119,132,141,150,155,157,161,163,169,178,192,199,204,207,225,232,240,255,260,269,276,284,295,303,311,322,333,339,351,375,392,427,443,458,474,515,538,552,582,611,630,645,658,672,699,719,741,770,777,794,828,852,889,919,931,935,958,984,995,1009,1051,1093,1119,1150,1161,1178,1208,1218,1255,1289,1330,1347,1374,1405,1436,1467,1499,1549,1584,1601,1636,1678,1729,1757,1812
City of Malibu,20,5,7,8,8,9,9,10,10,14,15,16,16,18,18,17,20,21,23,23,26,26,28,28,28,28,28,28,30,30,30,30,31,31,31,31,31,31,32,32,32,32,32,33,33,34,35,35,35,35,35,35,35,35,35,35,35,35,35,35,37,38,38,38,38,39,39,39,39,39,39,40,40,41,40,40,41,41,41,43,46,47,47,48,48,48,49,49,49,51,52,52,53,53,54,55,56,57,58,58,60,61,62,65,67
City of Manhattan Beach,41,43,45,46,46,48,51,52,52,53,54,54,54,55,55,57,57,58,58,59,61,63,64,64,64,64,65,66,66,66,66,66,66,66,68,67,68,68,69,69,69,71,71,72,74,73,73,73,74,74,74,76,76,76,77,77,77,77,77,79,79,80,80,80,80,82,82,82,83,83,83,84,85,86,87,88,89,91,93,93,95,98,99,103,105,110,112,121,124,131,135,137,140,145,150,155,161,169,173,180,194,197,200,207,208
City of Palos Verdes Estates,15,18,19,21,23,25,28,30,31,32,32,35,36,36,36,36,36,36,36,36,36,36,37,37,37,37,37,37,37,37,37,37,37,37,38,40,40,40,40,40,40,40,40,40,40,42,42,42,42,42,41,41,41,41,41,42,42,42,42,42,42,42,42,42,43,43,43,43,43,43,43,44,44,44,46,46,46,46,47,46,48,48,48,48,48,49,49,50,50,50,52,52,53,53,54,55,56,57,58,58,60,60,60,61,62
City of Rancho Palos Verdes,16,20,22,27,28,33,34,35,35,36,38,39,42,44,46,46,46,47,47,49,50,50,50,51,51,51,52,56,58,59,60,60,61,62,67,71,74,75,75,75,75,75,76,76,76,77,78,80,81,81,81,83,86,86,86,90,91,92,93,94,96,96,96,96,96,96,98,99,99,99,100,104,106,106,108,109,109,112,116,116,120,122,123,124,125,124,126,129,134,137,139,140,142,145,148,151,154,156,160,166,167,171,174,177,179
City of Redondo Beach,50,54,60,62,64,67,68,73,78,81,83,84,85,84,84,84,84,85,85,91,94,94,95,95,98,99,102,103,106,106,107,108,110,111,113,115,116,117,118,120,120,120,120,120,121,123,123,126,128,128,131,132,134,135,138,138,138,138,139,140,141,143,143,145,146,147,148,150,150,151,151,154,161,164,167,167,165,166,166,167,169,170,173,179,182,183,184,190,197,207,211,217,219,225,232,238,245,258,266,274,283,287,295,299,308
City of Rolling Hills,0,0,0,0,64,67,68,73,78,81,83,84,85,84,84,84,84,85,85,91,94,94,95,95,1,1,1,1,1,1,2,2,2,2,2,2,2,2,2,2,2,2,2,2,2,2,2,2,2,2,2,2,2,2,2,2,2,2,2,2,2,2,2,2,2,2,2,2,2,2,2,2,2,2,2,2,2,2,2,2,2,2,2,2,2,2,2,2,2,2,2,2,2,2,2,2,3,3,3,3,3,3,4,4,4
City of Rolling Hills Estates,0,5,5,7,8,8,8,8,8,9,10,11,11,11,11,11,12,12,12,13,13,13,13,13,13,13,13,13,13,13,13,13,13,13,13,13,13,13,13,13,13,13,13,13,13,13,13,13,13,13,14,14,14,14,14,14,14,14,14,14,14,14,14,14,14,14,14,14,14,14,14,15,17,17,17,17,18,18,18,18,18,18,19,21,21,21,22,23,22,22,23,24,24,24,24,24,25,26,26,28,29,30,30,30,30
City of San Dimas,5,6,6,7,9,13,14,15,17,17,18,18,18,18,18,18,18,20,20,23,23,24,25,25,25,25,27,27,28,28,29,29,29,30,30,30,31,31,33,33,35,37,38,38,38,39,39,39,39,39,40,41,43,44,45,48,49,52,55,60,60,62,63,69,70,71,74,77,77,79,79,80,83,88,88,91,92,95,97,99,106,111,118,122,123,128,128,129,134,142,149,155,166,173,180,187,194,199,206,209,219,225,238,242,262
City of San Gabriel,6,7,7,7,10,11,13,12,12,13,13,13,14,14,14,15,15,16,16,19,23,25,26,26,27,28,29,29,30,30,30,30,30,32,37,40,42,44,48,49,54,57,77,80,81,81,81,82,86,88,88,91,111,123,127,134,136,136,138,139,139,140,141,145,149,153,158,162,166,166,170,179,180,182,183,183,186,190,190,191,193,199,201,205,206,214,219,223,229,236,242,245,254,257,261,264,268,278,288,291,297,305,309,316,321
City of Santa Fe Springs,50,65,78,89,102,106,112,122,126,5,6,6,6,8,9,9,11,11,13,14,15,15,16,16,16,17,17,17,18,25,26,27,27,27,29,31,31,31,31,31,31,35,35,35,36,36,39,39,42,47,49,49,49,51,51,53,54,56,65,70,71,73,73,74,78,81,83,85,86,89,92,93,97,99,101,102,103,103,105,108,110,111,116,121,123,124,127,132,139,150,163,168,171,179,188,197,206,222,231,232,244,251,257,263,273
City of Signal Hill,53,56,62,65,68,74,77,81,82,88,90,92,92,5,5,5,5,5,5,5,5,6,6,6,6,7,7,7,7,7,7,8,8,8,8,9,9,9,9,9,9,13,15,15,15,17,17,18,18,18,18,19,20,21,21,25,25,25,26,31,31,34,37,38,37,37,39,39,39,40,43,44,45,46,50,51,54,55,57,58,59,60,60,68,72,78,82,85,90,93,97,101,102,106,110,114,118,120,121,121,122,126,129,133,136
Los Angeles - Angelino Heights,0,0,0,0,0,0,0,0,0,0,0,0,0,0,0,0,0,0,0,0,0,6,6,6,6,6,6,6,9,9,9,9,9,9,9,10,10,10,10,10,11,11,11,11,11,12,12,13,13,13,14,14,15,16,16,16,16,16,16,16,16,16,18,18,18,18,18,21,21,21,21,21,21,21,21,21,21,21,21,21,22,22,22,23,23,23,23,23,23,23,24,24,24,24,25,25,26,27,28,28,28,29,30,31,32
Los Angeles - Baldwin Hills,13,13,14,18,20,21,24,26,27,28,30,31,33,34,34,36,38,39,40,41,44,46,47,50,50,51,53,57,60,60,63,65,65,65,69,74,77,85,91,92,93,97,99,99,108,111,115,120,136,141,142,144,144,146,151,154,159,162,166,168,167,170,172,176,180,181,184,189,189,189,192,197,201,203,206,211,215,222,226,228,231,232,236,240,248,251,255,261,268,274,278,281,282,287,293,298,304,308,313,315,321,326,331,337,348
Los Angeles - Boyle Heights*,15,20,28,36,37,40,42,47,50,53,55,57,58,64,64,66,65,69,73,97,116,129,134,148,154,157,170,175,190,201,209,220,230,236,255,262,271,286,302,313,325,337,349,360,374,388,399,401,443,476,496,504,524,548,571,624,638,653,718,779,797,808,827,838,869,888,917,948,966,981,999,1055,1097,1125,1153,1169,1207,1260,1273,1311,1336,1375,1447,1473,1494,1533,1572,1611,1654,1704,1757,1768,1821,1858,1896,1933,1971,2044,2063,2082,2124,2173,2245,2286,2375
Los Angeles - Canoga Park,10,16,20,29,32,39,46,53,59,63,72,76,79,85,93,92,99,103,108,123,145,167,187,192,197,200,216,223,246,250,285,287,316,318,348,355,362,365,370,372,378,384,396,406,413,420,425,428,431,437,441,443,449,452,459,472,483,486,489,501,507,510,527,537,543,548,552,562,566,576,583,592,601,609,616,617,628,648,655,670,685,692,701,710,718,733,747,757,765,790,806,814,824,830,836,842,849,877,887,896,906,911,921,931,947
Los Angeles - Carthay,17,17,24,24,26,28,27,28,27,28,29,30,30,30,33,37,41,45,48,52,54,56,56,58,59,62,64,65,65,65,64,69,70,70,70,69,68,67,67,68,69,69,71,71,71,71,71,71,71,71,72,72,72,74,76,76,76,77,78,79,79,81,82,83,84,89,89,91,91,93,93,93,93,93,93,93,90,91,92,93,96,96,97,100,102,107,110,113,114,117,121,128,129,129,130,130,131,134,136,136,138,140,142,144,146
Los Angeles - Central,13,16,18,20,24,24,33,32,35,36,39,39,41,44,51,51,55,58,59,63,74,81,90,92,93,96,100,106,110,118,130,134,142,142,154,163,171,174,181,183,187,201,211,216,221,232,237,241,254,268,277,298,316,328,335,357,372,389,409,424,442,452,468,478,495,514,528,542,548,568,580,600,606,634,643,650,670,705,722,749,777,802,827,847,861,880,907,918,943,968,974,994,1012,1028,1045,1062,1079,1099,1120,1138,1155,1180,1202,1216,1251
Los Angeles - Century City,17,17,19,21,23,23,23,23,23,24,27,27,27,27,27,26,26,26,27,28,29,30,30,30,30,30,30,30,30,30,30,30,30,30,30,30,30,30,31,31,32,32,33,32,31,33,33,34,31,31,32,31,32,32,32,32,32,33,34,34,34,34,35,35,36,36,36,38,38,39,40,40,40,40,41,41,41,46,47,46,46,47,49,49,50,49,51,52,52,52,52,54,55,55,55,55,56,59,60,60,63,66,69,70,71
Los Angeles - Chatsworth,18,20,19,21,24,27,28,30,33,35,36,36,37,37,38,38,42,44,44,48,54,58,60,66,68,70,72,75,86,90,96,101,104,106,110,111,115,116,117,118,122,131,136,141,142,151,153,156,158,159,160,165,169,172,173,180,181,184,188,193,200,201,204,205,207,210,212,213,215,219,220,221,226,230,231,231,235,236,241,244,252,255,258,261,265,266,269,272,272,280,287,289,296,300,304,308,312,318,324,326,335,342,353,359,362
Los Angeles - Cheviot Hills,8,9,10,10,10,11,11,11,11,11,11,11,11,12,12,12,12,12,12,13,15,15,16,16,16,16,16,16,17,17,18,18,18,18,18,18,18,18,18,18,18,18,18,19,19,19,19,19,19,19,19,20,20,20,20,20,20,21,21,22,22,22,22,22,22,22,22,22,22,22,22,22,22,22,22,22,23,25,25,28,29,29,30,30,30,30,30,30,30,30,30,31,33,34,35,36,37,37,38,38,38,39,40,41,41
Los Angeles - Country Club Park,8,9,9,10,12,14,15,16,18,21,22,23,25,25,28,29,30,32,32,33,44,50,52,52,53,54,56,58,59,62,64,66,68,69,70,74,74,76,76,77,77,77,79,80,80,79,79,79,82,82,82,83,83,84,89,92,93,94,95,98,101,101,102,103,104,105,109,109,111,111,111,113,116,116,117,117,118,122,124,130,133,134,138,139,140,140,142,142,142,146,146,147,148,150,152,154,156,162,166,170,174,178,181,183,191
Los Angeles - Crestview,15,17,20,20,23,29,31,31,33,35,40,42,43,43,43,45,45,47,47,51,55,57,58,59,59,59,59,61,62,62,64,65,65,67,68,70,70,70,71,72,75,76,77,78,78,78,78,78,78,78,79,80,81,83,86,86,86,87,88,89,90,90,90,92,92,92,93,93,94,96,97,97,97,97,98,98,98,100,101,101,101,101,103,106,107,110,111,116,121,122,122,123,124,124,125,125,126,127,128,129,129,130,131,131,132
Los Angeles - Del Rey,17,20,22,25,27,27,29,29,31,31,32,32,33,36,36,36,36,38,38,40,43,43,44,44,45,46,46,46,47,49,50,51,52,53,56,58,58,58,58,58,58,58,59,61,61,62,62,63,63,64,65,66,67,68,69,69,72,74,77,79,80,81,82,84,84,84,84,88,88,88,88,89,93,96,96,96,96,97,98,98,102,103,104,105,107,107,112,115,119,128,134,136,140,142,144,146,148,151,157,160,166,169,176,186,189
Los Angeles - Downtown*,15,15,17,18,19,21,20,23,24,24,26,27,27,27,27,27,28,31,31,34,36,41,49,49,49,51,57,57,63,63,68,71,73,74,78,80,82,84,85,87,88,90,95,95,95,96,97,97,104,111,115,118,122,125,127,132,135,137,147,152,151,153,158,158,161,163,167,172,172,175,176,188,191,197,199,201,204,214,214,215,221,224,231,236,240,252,254,261,272,289,303,314,317,323,329,335,342,361,363,369,374,385,394,403,420
Los Angeles - Eagle Rock,11,13,14,18,21,22,25,29,33,34,34,35,36,44,46,48,52,53,52,58,63,68,71,74,76,80,80,82,84,85,91,93,95,97,100,105,106,108,117,120,122,129,139,140,140,141,142,141,142,146,150,151,159,163,165,169,170,172,177,181,181,184,184,185,190,193,193,200,203,205,205,213,218,219,222,224,225,234,240,242,252,255,275,280,285,290,297,305,309,313,317,323,332,336,340,344,349,363,368,373,377,383,390,395,400
Los Angeles - Echo Park,6,6,8,8,9,9,9,9,9,10,10,9,9,9,9,10,10,11,11,13,13,14,16,17,17,17,17,17,17,17,18,19,20,20,23,26,26,27,27,27,29,33,34,34,36,40,40,40,41,41,41,41,41,41,42,43,43,44,45,48,49,49,50,50,50,50,52,54,54,55,56,63,63,64,64,64,64,67,68,68,68,69,74,76,77,78,80,82,82,82,84,86,86,86,87,88,89,91,93,94,95,96,97,98,108
Los Angeles - Elysian Park,4,9,5,5,5,5,5,5,5,5,5,5,5,5,5,5,5,6,6,7,7,7,7,7,9,9,9,9,9,9,9,9,9,9,10,10,10,11,11,11,11,12,12,12,12,12,13,13,13,14,16,16,16,16,16,16,16,16,16,16,16,16,16,16,16,16,16,16,16,16,16,16,16,17,17,17,18,20,20,20,20,20,23,23,23,23,23,23,26,26,26,26,26,27,29,31,33,35,36,37,40,42,43,46,48
Los Angeles - Elysian Valley,4,9,5,5,5,5,5,6,8,8,8,8,8,9,10,9,10,10,10,12,14,16,16,18,18,18,18,19,21,21,24,24,24,24,26,26,26,26,27,27,29,32,34,35,37,37,38,38,40,42,42,43,45,45,45,50,54,55,56,57,61,63,63,63,63,62,65,66,66,67,68,72,74,74,74,73,75,79,81,85,86,87,98,100,102,104,106,108,110,113,119,119,119,120,121,122,124,128,130,131,133,138,141,143,146
Los Angeles - Exposition Park,8,13,17,22,28,32,35,36,40,43,46,47,49,52,56,58,63,66,69,73,83,86,96,103,105,109,118,124,130,133,137,138,140,142,147,151,154,157,161,163,167,175,188,191,194,198,201,203,206,210,212,214,218,221,228,238,239,240,248,257,267,275,279,283,286,286,292,306,310,314,323,331,333,337,342,345,352,363,372,378,387,390,407,415,420,432,437,444,461,479,495,504,519,526,534,541,549,574,584,590,605,613,633,650,676
Los Angeles - Glassell Park,16,18,22,28,30,33,39,44,49,52,54,56,57,63,66,67,67,72,72,80,87,92,92,94,96,99,100,102,104,103,108,111,112,113,121,121,125,131,137,138,139,140,144,146,150,152,152,153,160,163,169,169,168,170,173,178,179,181,181,187,186,187,189,191,192,195,196,197,199,201,205,209,211,218,221,230,236,240,241,248,255,255,265,271,273,278,282,286,292,296,303,306,311,312,314,315,317,331,331,334,335,341,347,355,361
Los Angeles - Granada Hills,14,19,21,22,27,29,36,40,41,42,44,46,47,49,53,57,58,59,61,69,81,88,93,99,100,104,106,108,112,114,118,123,126,129,134,137,145,149,160,164,172,178,183,198,208,217,220,226,228,232,237,245,261,273,276,294,299,312,317,322,334,338,344,353,380,383,384,393,395,399,400,406,432,438,443,444,447,457,460,465,472,480,486,493,496,501,504,513,524,532,536,540,545,549,553,557,561,573,584,589,592,600,611,620,641
Los Angeles - Green Meadows,8,8,9,10,10,10,12,11,12,14,14,14,14,16,18,19,21,23,23,30,32,36,42,49,49,49,49,50,52,55,62,63,70,71,81,83,86,87,88,89,91,94,98,103,102,109,114,117,120,123,128,132,133,137,141,150,152,157,166,171,176,188,193,198,199,203,206,209,214,216,224,230,240,243,245,254,257,264,267,271,279,287,297,305,311,317,320,325,325,336,347,354,360,366,372,378,384,401,411,419,427,439,446,454,483
Los Angeles - Hancock Park,33,34,33,37,38,39,45,45,45,45,46,46,47,50,49,51,52,54,54,58,61,60,60,60,60,61,61,62,63,63,65,66,66,67,67,67,68,70,70,70,71,72,72,72,72,71,71,71,73,74,75,76,75,75,76,76,78,79,79,80,80,81,82,82,83,83,84,85,85,87,91,94,95,96,96,98,98,99,99,99,103,103,105,108,109,110,114,120,122,127,127,130,135,137,139,141,143,145,145,146,145,145,146,148,150
Los Angeles - Harbor City,7,8,15,18,19,20,21,21,22,23,23,24,24,24,25,25,25,26,26,31,32,33,37,39,39,39,42,42,45,46,49,50,50,50,53,55,57,57,57,57,57,57,58,63,63,64,64,65,68,68,70,72,77,80,81,87,89,93,96,100,101,103,106,112,113,113,121,126,128,129,134,138,141,144,144,143,145,146,154,157,159,161,166,170,173,175,182,183,190,193,200,201,205,209,214,219,224,229,235,239,244,256,269,275,285
Los Angeles - Harbor Gateway,9,11,13,15,18,21,23,26,29,30,31,32,32,32,34,34,35,39,39,43,48,49,52,53,55,56,57,59,68,69,72,73,73,73,77,78,80,81,84,84,84,87,90,97,100,100,100,104,107,109,111,111,113,116,120,127,128,131,139,148,149,153,154,159,163,165,168,171,177,178,179,183,184,189,192,198,204,211,214,219,229,238,247,256,261,267,272,277,290,293,301,311,322,330,338,346,354,372,385,390,397,411,423,430,456
Los Angeles - Harbor Pines,0,0,0,0,0,0,0,0,0,0,0,0,0,0,0,0,0,0,0,0,0,0,0,0,0,0,0,0,0,0,0,0,1,1,2,2,2,2,4,4,5,6,6,6,6,6,8,8,8,8,8,9,9,9,9,9,9,9,9,9,9,9,9,9,9,9,9,9,9,9,9,9,9,9,9,9,9,9,9,9,9,9,9,9,9,9,9,9,9,9,9,9,9,9,9,9,9,9,9,9,10,10,10,10,10
Los Angeles - Harvard Heights,5,6,8,9,9,9,10,12,15,16,18,21,21,20,24,25,25,29,29,31,32,37,42,43,45,47,50,54,56,58,59,61,64,64,67,70,72,73,79,83,84,88,91,92,92,95,95,98,100,102,107,114,118,119,124,126,129,130,134,136,136,138,140,143,150,152,153,160,162,166,171,172,173,176,176,176,180,183,184,186,189,191,193,198,202,204,206,209,215,223,231,235,238,242,247,252,257,270,276,278,285,290,298,302,315
Los Angeles - Harvard Park,4,5,8,12,16,19,18,22,22,24,25,25,27,28,31,31,37,41,42,50,60,69,85,95,99,102,109,112,118,123,130,133,136,136,153,163,169,170,171,174,178,186,190,195,197,200,205,213,220,230,238,245,252,259,262,271,278,293,299,306,318,324,338,350,356,361,370,383,390,395,400,418,426,441,443,448,456,470,476,485,498,501,514,524,528,538,547,558,563,583,593,604,620,630,641,651,662,687,703,719,744,760,780,797,828
Los Angeles - Highland Park,9,10,11,15,19,21,22,24,27,27,31,32,35,39,40,41,44,46,47,51,52,59,62,67,69,69,75,78,85,87,96,95,95,96,99,104,106,108,108,109,110,120,128,132,132,139,142,145,150,151,155,159,163,163,169,185,188,194,198,204,209,212,212,216,223,228,229,244,259,266,276,298,301,316,336,338,345,356,357,363,372,374,391,399,402,410,428,443,451,464,469,474,483,488,494,499,505,517,521,532,537,545,561,570,581
Los Angeles - Hollywood Hills,32,34,36,37,39,39,42,43,45,46,46,46,46,46,46,47,48,48,50,52,53,55,56,56,56,56,57,57,58,58,59,63,64,64,65,66,67,68,69,70,71,73,74,74,74,76,76,76,78,77,77,77,77,77,78,80,81,81,82,85,85,85,85,86,86,87,87,87,87,87,88,90,90,91,91,90,90,98,98,99,100,100,101,104,104,105,110,111,116,116,123,124,126,129,132,135,138,144,148,150,152,156,160,162,168
Los Angeles - Hyde Park,8,10,10,11,14,14,14,15,16,16,15,15,16,17,22,25,27,29,31,33,37,39,41,46,47,47,53,56,59,61,69,71,72,74,83,86,88,89,91,93,95,95,99,102,106,109,112,112,116,120,123,127,129,130,131,131,137,141,145,148,156,157,163,168,175,176,177,179,180,180,181,185,188,190,193,194,202,206,210,212,215,223,224,230,233,239,246,250,256,266,275,282,288,294,300,306,312,325,337,345,357,369,382,388,410
Los Angeles - Jefferson Park,0,0,0,0,14,14,14,15,16,16,15,15,16,17,22,5,5,5,5,6,6,6,7,14,15,14,18,18,20,21,22,21,22,22,22,22,23,23,24,24,24,26,28,28,29,29,29,29,34,34,34,35,35,35,35,37,38,38,38,39,40,42,43,42,42,45,49,50,54,54,56,59,63,63,63,68,69,71,73,73,74,75,80,82,83,83,85,87,89,93,98,99,106,110,114,118,123,128,131,131,137,142,148,154,155
Los Angeles - Lakeview T,6,8,9,9,10,10,14,14,15,16,16,16,16,17,19,19,21,21,21,29,36,40,42,42,43,43,47,49,50,51,56,56,58,59,60,63,66,68,70,70,72,73,74,80,80,84,86,89,89,90,97,98,100,100,101,105,106,108,108,109,111,111,115,119,120,121,122,124,126,127,130,133,139,141,143,145,153,158,169,174,181,188,196,203,207,216,219,223,226,238,245,248,253,257,262,266,271,278,289,309,310,313,316,320,329
Los Angeles - Leimert Park,7,10,12,15,17,18,20,21,23,23,24,24,25,25,25,25,26,25,25,25,25,26,27,28,29,29,31,31,31,31,31,33,33,33,33,36,36,39,40,40,41,41,43,43,44,45,45,46,48,49,50,50,50,52,52,53,56,56,58,58,61,61,61,61,63,62,63,65,66,67,68,71,72,73,74,73,74,76,76,77,82,83,84,86,88,89,91,96,101,108,110,111,112,116,121,126,131,133,134,135,137,140,144,150,157
Los Angeles - Lincoln Heights,5,6,6,11,11,12,13,14,14,15,16,18,18,19,20,22,24,26,27,30,40,44,46,51,52,53,66,66,70,70,77,78,111,111,124,135,148,150,152,152,155,160,164,166,169,182,182,183,185,189,189,193,202,207,211,219,225,231,241,247,275,280,293,298,299,302,308,319,322,327,330,341,345,357,369,377,386,398,402,412,408,414,425,429,435,443,449,457,471,482,495,500,509,515,522,528,535,580,583,584,587,606,622,628,646
Los Angeles - Los Feliz,14,16,19,19,19,19,18,20,20,21,21,21,21,21,21,21,21,22,22,25,29,30,30,30,31,31,32,33,33,33,33,33,35,35,35,35,36,36,38,38,38,42,43,44,44,43,43,43,43,44,46,46,46,46,46,49,49,51,52,53,53,54,54,53,54,56,57,59,59,59,59,59,60,61,63,64,65,67,67,68,67,69,71,72,72,75,76,77,77,79,79,83,84,85,86,87,88,89,91,92,97,100,102,106,111
Los Angeles - Mid-city,13,14,16,17,21,22,21,21,22,23,24,24,24,24,24,25,26,27,27,30,34,34,34,35,35,35,35,35,36,36,38,39,39,39,41,42,43,43,43,43,43,43,44,44,44,44,44,44,45,46,48,48,50,50,52,52,55,56,57,57,115,116,118,118,119,124,124,124,124,125,132,134,136,136,136,138,140,146,146,146,146,147,147,148,148,151,154,157,159,161,162,164,170,170,171,172,173,179,182,183,184,186,187,189,192
Los Angeles - Mission Hills,6,6,8,11,12,12,12,13,14,16,20,21,21,24,26,28,32,36,37,42,46,49,52,58,59,60,64,63,68,72,76,78,80,81,85,86,87,90,94,94,97,99,102,109,114,116,120,122,123,123,126,127,131,132,136,135,139,144,149,157,162,164,165,168,171,175,176,179,181,184,186,198,196,202,205,208,209,214,216,218,221,223,230,236,237,244,252,258,268,280,284,285,295,299,304,308,313,325,329,333,335,344,351,355,373
Los Angeles - North Hills,11,13,16,21,22,28,31,33,37,39,41,45,48,51,54,56,59,62,62,75,93,101,111,116,120,122,134,141,153,155,167,172,182,191,208,218,224,232,244,249,263,271,281,286,300,312,318,321,327,334,343,363,379,388,401,410,421,433,446,457,473,485,501,509,516,520,524,528,537,544,555,576,588,600,606,606,614,627,636,646,661,666,673,689,700,707,721,740,753,766,774,780,797,807,817,827,838,861,870,884,892,899,909,918,929
Los Angeles - Pacific Palisades,23,24,25,26,26,26,30,31,31,31,31,32,32,32,32,33,33,33,33,33,33,33,35,36,36,36,36,36,37,37,37,38,38,38,38,38,39,39,39,39,39,40,40,40,41,41,44,45,45,45,45,46,47,49,49,50,52,55,57,57,57,57,57,57,59,61,61,61,61,61,60,60,61,61,62,61,62,63,63,63,63,63,63,62,62,63,63,63,64,69,71,73,73,75,77,79,81,82,82,82,82,85,85,87,88
Los Angeles - Palms,27,28,33,39,41,46,48,50,51,62,67,67,69,69,69,70,70,72,73,80,82,85,90,92,93,94,95,101,103,105,130,139,142,143,143,144,154,155,155,155,155,156,163,163,165,167,171,171,173,173,176,176,176,177,179,181,185,188,188,189,189,189,193,195,195,196,198,201,203,206,209,211,216,219,219,222,227,231,234,237,243,244,247,250,255,262,263,276,281,283,287,290,295,300,305,310,316,326,327,331,334,338,339,348,350
Los Angeles - Panorama City,11,16,19,27,33,38,49,51,53,58,60,65,69,75,76,78,81,91,94,109,141,166,183,195,202,209,230,244,268,284,311,315,325,339,378,382,393,403,434,440,449,466,489,512,530,545,559,568,579,596,603,619,636,647,658,670,693,731,749,775,792,806,831,849,859,869,894,911,924,943,955,982,1000,1017,1031,1036,1039,1066,1081,1093,1111,1121,1140,1156,1163,1182,1197,1207,1221,1238,1248,1256,1270,1283,1296,1309,1322,1341,1354,1364,1371,1390,1409,1428,1449
Los Angeles - Playa Del Rey,9,9,13,16,21,24,31,37,42,47,47,49,53,58,62,66,76,87,91,113,126,133,147,153,1,1,1,1,1,1,1,1,1,1,1,1,1,1,1,1,1,1,2,2,2,2,2,2,2,2,2,3,3,3,3,3,3,3,3,3,3,3,3,3,3,3,3,3,3,3,3,4,4,4,5,5,5,5,5,5,5,5,5,5,5,5,5,6,6,6,6,6,6,6,7,8,9,9,9,9,11,11,13,15,16
Los Angeles - Porter Ranch,8,12,12,16,21,20,24,24,26,28,28,28,28,31,31,31,33,35,36,39,42,46,48,49,48,50,51,52,53,53,55,56,60,60,61,63,64,64,65,65,65,65,66,67,68,70,72,72,78,79,80,82,85,87,89,88,89,89,90,92,92,92,93,93,94,95,95,95,97,97,98,103,105,106,106,109,109,111,116,123,124,124,126,130,132,135,139,139,140,143,145,146,149,150,151,152,153,155,154,156,156,163,170,172,175
Los Angeles - Rancho Park,8,12,5,6,7,8,8,8,9,9,8,8,8,8,8,8,8,8,8,8,9,10,11,11,11,11,11,11,11,11,11,12,12,12,12,12,12,12,12,12,12,12,12,12,12,12,12,12,11,11,12,13,13,16,16,17,17,18,18,18,18,18,18,18,18,19,19,19,19,19,19,20,20,20,20,20,20,20,20,21,20,20,20,21,23,25,25,25,25,25,27,28,28,29,30,31,33,33,35,35,39,40,40,42,45
Los Angeles - Reseda Ranch,20,21,25,34,38,43,46,5,6,7,9,9,9,9,9,9,9,9,9,10,11,13,16,17,17,17,17,17,17,18,22,22,22,22,22,23,23,23,23,23,23,23,24,24,25,26,27,29,29,29,29,29,30,30,30,30,30,31,31,30,30,30,30,30,30,30,30,30,30,31,32,32,32,32,33,33,33,34,34,34,34,34,34,34,33,36,37,38,38,40,40,40,40,40,40,40,41,41,41,41,41,41,41,42,43
Los Angeles - San Pedro*,14,19,25,25,26,31,31,36,37,39,43,45,50,50,55,58,70,75,76,82,90,104,122,125,143,157,167,185,271,446,527,578,598,609,613,625,630,634,669,701,734,753,764,772,782,786,799,799,801,806,807,810,826,829,843,854,883,893,901,905,910,916,924,930,936,937,947,959,965,972,987,1000,1007,1012,1022,1029,1034,1048,1057,1066,1072,1076,1085,1103,1111,1120,1123,1134,1152,1162,1177,1186,1194,1205,1216,1227,1238,1263,1282,1289,1299,1310,1325,1342,1354
Los Angeles - Shadow Hills,14,5,5,5,5,5,7,7,7,7,7,7,7,7,7,7,7,7,7,8,10,11,11,11,11,11,11,10,9,9,9,9,9,9,9,9,9,9,9,9,9,9,9,9,9,10,10,10,10,10,10,10,10,10,10,10,10,11,10,11,12,12,12,11,11,11,11,11,11,11,11,11,11,11,12,12,13,13,13,15,16,16,16,16,16,16,16,18,19,20,20,20,21,21,21,21,21,22,23,24,24,26,26,26,26
Los Angeles - Sherman Oaks,37,43,46,52,56,57,61,64,69,72,76,79,80,81,85,85,85,88,89,93,97,102,109,114,116,116,116,119,124,124,129,131,133,138,150,153,159,163,175,177,180,183,188,194,194,197,199,201,204,207,207,213,214,216,216,221,222,224,227,230,233,239,242,243,246,251,254,262,267,272,273,277,278,280,284,283,286,290,301,306,317,325,326,330,331,335,342,355,368,382,391,400,407,415,424,432,441,459,470,474,479,492,503,512,520
Los Angeles - South Carthay,9,14,17,17,20,19,20,20,20,20,20,20,20,20,20,20,20,21,21,21,22,22,22,22,22,22,23,24,24,24,24,24,24,24,25,25,25,25,25,25,25,27,27,27,27,28,28,28,28,30,30,31,32,33,34,34,35,35,35,36,36,36,36,36,36,37,38,38,38,39,39,40,40,40,40,40,40,42,42,42,43,44,44,44,45,45,45,46,46,50,50,51,52,53,54,55,56,58,60,60,60,60,61,61,61
Los Angeles - South Park,11,12,15,17,22,23,26,27,34,36,39,39,41,44,47,46,48,53,53,63,70,80,85,94,94,95,102,108,112,118,121,130,131,131,142,146,153,154,163,168,173,182,188,192,196,211,219,223,239,248,260,278,285,302,316,335,348,369,381,394,403,411,425,432,443,459,475,507,517,531,549,565,581,586,599,608,618,644,658,673,694,711,732,748,760,773,791,802,814,837,857,878,883,897,912,927,942,975,999,1014,1034,1058,1085,1109,1137
Los Angeles - Studio City,19,19,19,19,21,21,22,22,22,22,22,21,21,22,22,22,22,24,24,25,26,27,28,30,32,33,34,36,37,38,40,46,46,52,56,56,57,57,57,57,59,63,65,66,66,66,67,67,69,71,71,71,73,73,75,76,77,77,78,80,81,82,82,84,86,86,86,87,88,89,89,88,88,88,89,89,89,90,91,92,94,94,96,97,97,98,100,104,105,108,111,112,114,117,120,123,127,134,138,140,142,143,146,148,149
Los Angeles - Sun Valley,9,10,11,13,18,22,23,26,28,28,29,32,34,39,46,48,48,53,55,61,70,77,83,89,91,91,102,107,115,120,135,138,143,146,165,178,181,184,189,189,193,198,207,215,222,228,234,236,241,242,246,250,258,262,271,275,286,293,301,306,319,324,332,337,337,341,343,358,362,364,369,379,384,389,391,399,402,410,415,423,436,442,450,460,465,471,480,487,499,521,535,546,562,571,580,589,599,621,639,647,659,671,689,707,728
Los Angeles - Sylmar*,30,35,42,52,61,70,81,86,89,91,97,105,107,114,121,128,138,145,147,171,195,220,240,251,258,266,297,299,322,325,337,347,365,381,433,446,455,466,475,480,498,516,541,560,573,585,589,602,619,632,647,662,676,711,727,730,749,772,797,809,822,835,864,878,883,883,889,899,912,917,932,969,985,1004,1017,1040,1047,1064,1075,1090,1106,1115,1133,1146,1160,1183,1207,1231,1260,1295,1310,1321,1345,1365,1386,1407,1428,1469,1487,1513,1524,1548,1593,1631,1672
Los Angeles - Temple-Beaudry,11,12,15,18,24,27,33,37,37,48,53,53,54,57,57,59,62,65,67,89,103,112,121,127,129,128,137,142,151,154,163,166,166,168,177,187,193,196,199,200,202,212,219,225,228,232,234,237,247,255,264,271,275,282,291,303,308,312,321,337,341,343,345,346,355,355,358,373,374,380,382,402,404,412,417,421,424,449,449,455,463,467,491,498,501,508,516,527,541,554,566,575,587,593,600,606,613,632,640,645,651,663,678,687,711
Los Angeles - University Hills,0,0,0,0,0,0,0,0,0,0,0,0,0,0,0,21,23,24,24,30,35,42,48,50,4,4,4,4,7,7,7,7,7,7,7,7,7,7,8,8,8,8,8,9,9,9,9,9,10,10,11,11,11,11,11,11,11,11,11,11,11,12,12,12,13,14,14,14,15,15,15,15,15,16,16,16,16,16,17,17,17,17,18,18,18,18,19,19,19,20,20,20,22,22,23,24,25,29,30,30,30,30,31,32,33
Los Angeles - University Park,14,15,16,15,16,17,20,22,24,24,25,26,26,27,28,28,27,34,35,38,42,45,58,63,64,65,68,73,80,80,84,88,88,88,95,98,101,103,102,105,108,112,116,120,126,128,130,133,135,137,142,143,146,151,158,164,172,180,192,198,206,212,216,216,219,230,231,244,247,249,256,259,262,271,272,273,276,289,291,295,300,306,313,316,320,321,332,341,346,350,353,362,365,370,376,381,387,407,414,418,418,425,432,437,454
Los Angeles - Van Nuys,17,22,26,33,36,38,53,61,68,73,77,80,86,92,96,104,113,117,124,142,172,191,206,222,231,237,252,257,277,284,307,320,332,345,391,401,411,429,435,442,452,472,489,505,515,529,543,552,570,581,593,607,622,629,641,651,664,674,690,717,741,757,771,786,813,821,830,843,864,880,890,904,919,933,947,956,966,994,1011,1025,1046,1057,1079,1108,1114,1139,1159,1166,1186,1206,1216,1230,1243,1258,1274,1290,1306,1340,1358,1375,1385,1416,1443,1466,1499
Los Angeles - Vermont Knolls,5,7,7,10,12,13,14,15,15,16,15,15,15,18,20,20,23,23,23,26,28,36,40,44,47,47,50,51,54,57,60,59,60,61,68,70,73,73,75,77,77,78,90,92,93,101,104,108,112,115,115,119,120,122,125,126,133,140,145,159,166,170,174,180,182,186,189,195,197,199,208,217,220,223,227,232,235,247,256,267,276,282,291,300,303,307,313,319,326,335,344,352,355,358,362,365,369,385,392,398,407,416,421,427,439
Los Angeles - Vernon Central,5,7,8,15,21,22,24,30,31,35,39,40,41,44,45,48,50,55,59,72,87,112,123,135,140,143,159,164,185,188,204,208,215,219,250,270,280,288,306,308,318,327,335,348,357,367,383,387,410,423,440,472,490,503,518,553,563,584,603,632,643,656,674,687,699,718,740,763,779,801,825,855,884,898,906,925,953,988,999,1018,1055,1079,1130,1154,1171,1181,1215,1232,1263,1298,1328,1347,1377,1396,1416,1435,1455,1513,1535,1546,1578,1611,1653,1668,1707
Los Angeles - Victoria Park,5,6,7,9,11,13,13,14,15,17,17,17,17,18,18,18,18,20,20,24,26,28,29,30,30,31,32,33,34,35,38,38,38,38,39,39,39,40,42,43,43,43,44,44,45,46,46,46,47,49,50,51,51,53,54,56,56,57,58,60,60,60,60,60,62,64,64,64,64,64,65,66,68,68,68,69,70,74,74,74,75,78,80,80,80,81,81,83,84,88,89,89,89,91,93,95,97,100,101,102,105,108,108,110,109
Los Angeles - Watts,7,11,12,14,15,16,19,20,23,24,27,27,29,29,30,30,36,39,40,50,56,62,66,68,76,77,83,85,92,92,98,105,110,115,121,132,134,135,140,143,143,152,152,156,163,167,170,176,183,193,202,215,222,226,241,258,268,281,297,311,319,326,336,345,352,360,376,390,395,404,413,430,444,463,468,472,489,505,508,516,533,553,578,596,607,628,643,656,675,697,718,724,744,757,771,785,799,827,844,855,872,900,917,931,967
Los Angeles - West Adams,14,15,16,20,21,25,26,30,32,34,41,42,44,50,51,53,58,58,60,69,75,78,82,86,94,101,103,105,111,116,122,123,126,126,140,140,142,142,147,148,149,152,156,157,158,163,164,167,168,170,174,177,179,182,187,196,202,207,215,223,236,240,241,245,249,252,272,280,285,288,288,292,300,308,308,315,320,329,335,341,345,347,365,368,367,372,378,383,394,405,414,419,426,430,435,439,444,459,469,473,480,487,499,504,522
Los Angeles - West Hills,10,11,12,15,18,18,19,21,21,21,23,23,23,23,24,26,26,29,29,30,35,38,43,45,45,46,48,46,48,50,53,54,56,59,62,65,69,74,75,76,76,79,80,84,102,107,109,113,117,122,126,128,128,128,128,129,130,133,135,143,146,147,150,151,149,150,152,153,158,159,166,171,172,171,174,178,180,181,182,183,190,194,195,200,202,208,208,210,212,218,221,227,234,236,238,240,243,248,250,253,259,264,265,271,278
Los Angeles - West Los Angeles,22,24,25,27,29,31,32,35,34,34,34,34,34,34,37,37,38,39,40,43,46,49,49,50,51,51,51,53,55,58,58,59,61,61,61,61,61,61,64,64,64,64,64,65,63,64,66,66,66,68,69,69,70,72,74,74,74,79,80,82,82,83,84,85,85,90,91,91,91,93,95,96,97,99,101,101,103,108,112,118,126,128,134,157,161,166,171,173,179,187,193,200,208,212,217,222,227,238,242,251,256,258,265,272,282
Los Angeles - Wilshire C,12,15,17,19,23,27,30,33,38,40,44,46,47,48,54,58,59,62,63,65,71,79,80,87,90,92,97,100,104,108,116,120,123,125,131,134,142,145,151,152,153,155,163,164,169,174,178,181,189,195,202,206,211,213,218,224,228,232,236,249,252,256,263,267,271,274,275,284,285,291,297,308,311,317,322,326,332,349,355,362,366,373,391,405,409,417,423,430,448,465,473,477,481,488,496,504,512,533,539,544,554,566,576,585,607
Los Angeles - Woodland Hills,29,33,36,43,47,53,54,55,60,62,67,68,69,69,77,78,80,82,84,90,93,96,96,99,102,102,103,103,106,107,110,111,118,119,127,128,129,128,129,130,131,132,134,134,136,142,145,146,146,145,148,148,149,149,151,154,155,157,158,162,166,169,171,174,174,178,180,181,186,191,194,197,200,200,206,206,208,210,216,222,232,236,241,250,253,262,270,276,285,300,306,308,320,327,334,341,348,372,373,378,383,390,404,413,426
Avocado Heights,0,0,0,0,0,0,0,0,0,5,6,6,6,6,7,7,5,5,5,5,6,7,8,9,12,13,13,13,13,13,13,13,13,13,13,13,14,14,14,14,14,14,14,14,14,14,15,15,15,19,19,20,20,20,20,23,23,24,25,29,30,32,32,33,32,33,36,36,37,40,41,40,41,42,42,45,45,47,48,49,49,52,59,63,63,63,65,66,70,72,74,77,82,83,84,85,87,92,94,94,95,99,101,105,113
Bradbury,0,0,0,0,0,0,0,0,0,0,0,0,0,0,0,0,0,0,0,0,0,0,0,0,0,0,0,0,0,0,0,0,0,0,0,0,0,0,0,0,0,0,0,0,0,0,0,0,0,0,0,0,0,0,0,0,0,0,0,0,0,0,0,0,0,0,0,0,0,0,0,0,0,0,0,0,0,0,0,0,0,0,1,1,2,2,2,2,2,2,2,3,3,3,3,3,3,3,3,3,3,3,3,3,3
Canyon Country,0,0,5,7,8,8,9,11,12,12,14,14,14,14,14,15,15,15,15,16,21,21,21,21,0,21,21,21,22,23,25,25,26,26,27,27,27,28,28,28,28,28,30,30,31,32,33,33,33,34,35,34,35,35,35,36,37,37,37,38,39,39,40,34,36,36,36,36,36,36,36,39,39,39,39,39,39,39,39,39,39,39,39,40,40,40,42,43,43,45,46,47,47,47,48,49,50,51,51,52,52,52,54,55,57
Castaic*,3,4,4,5,5,6,6,6,7,8,8,9,9,9,9,9,9,10,10,11,12,16,16,17,21,18,18,18,20,20,21,21,21,22,22,22,25,163,170,172,172,209,229,253,263,267,276,276,280,283,287,292,301,303,316,321,322,340,442,572,642,693,755,821,930,1045,1131,1226,1239,1305,1422,1644,1701,1720,1719,1715,1721,1724,1724,1727,1729,1731,1731,1734,1734,1772,1774,1777,1781,1786,1792,1791,1792,1793,1795,1797,1799,1805,1810,1813,1816,1817,1819,1821,1822
Cerritos,0,0,0,0,0,0,0,0,0,0,0,0,0,0,0,0,0,0,0,0,0,0,0,0,18,0,0,0,0,0,0,0,0,0,0,0,0,0,0,0,0,0,0,0,0,0,0,0,0,0,0,0,0,0,0,0,0,0,0,0,0,0,0,0,0,0,0,0,0,0,0,0,0,0,0,0,0,0,0,0,0,0,0,0,0,0,0,0,0,0,0,0,0,0,0,0,0,0,0,0,1,2,2,3,4
Charter Oak,0,0,0,0,0,0,0,0,0,0,0,0,0,0,0,0,0,0,0,0,0,0,0,0,0,0,0,0,0,0,0,0,0,0,0,0,0,0,0,0,0,0,0,0,0,0,0,0,0,0,0,0,0,0,0,0,0,0,0,0,0,0,0,0,0,0,0,0,0,0,0,0,0,0,0,0,0,0,0,0,0,0,0,0,0,0,0,0,0,0,0,0,0,0,0,0,0,0,0,0,0,0,0,0,0
Covina (Charter Oak),0,6,6,9,10,5,5,5,5,6,7,7,9,9,9,9,9,9,9,9,11,12,13,13,19,13,13,13,13,13,14,14,15,15,16,20,21,22,22,22,23,25,25,25,25,26,27,28,32,34,35,35,35,36,36,40,41,42,43,44,45,46,46,46,48,50,52,53,55,57,57,58,60,61,62,64,65,68,70,72,72,73,76,80,81,83,86,87,93,95,96,97,97,100,104,108,112,117,121,125,130,139,149,151,157
Desert View Highlands,0,0,0,0,0,0,0,0,0,0,0,0,0,0,0,0,0,0,0,0,0,0,0,0,3,2,2,2,3,3,3,3,3,3,3,4,4,4,4,4,4,4,5,5,5,5,5,5,5,5,5,5,5,5,6,6,6,6,6,6,6,6,6,6,6,6,6,6,6,6,6,6,6,6,6,6,6,6,6,6,7,7,7,7,7,7,7,7,8,8,8,8,8,8,8,8,9,9,9,9,9,9,9,9,11
East Los Angeles,16,23,28,40,44,51,56,64,69,75,86,91,95,102,108,116,121,127,132,166,202,227,271,297,0,308,328,342,357,369,390,398,404,408,428,433,439,454,474,476,480,491,517,530,540,552,558,564,598,645,659,680,712,731,754,834,843,865,968,1063,1079,1098,1117,1136,1191,1240,1287,1313,1338,1368,1413,1489,1566,1617,1657,1679,1741,1819,1831,1866,1927,1971,2069,2122,2144,2193,2237,2295,2370,2447,2507,2542,2604,2652,2701,2750,2799,2890,2934,2962,3018,3089,3163,3225,3327
East Rancho Dominguez,0,0,0,0,6,6,7,8,8,9,10,10,10,12,12,12,12,12,12,13,14,15,16,16,0,17,19,20,22,23,23,23,23,23,25,25,26,26,25,25,26,27,27,28,30,32,33,33,34,35,36,37,38,39,43,45,46,47,49,57,59,61,63,65,70,72,76,82,81,87,90,94,98,109,111,115,121,123,125,128,131,138,144,146,149,155,163,168,175,179,189,195,198,205,213,220,228,242,247,253,260,266,274,292,307
Hacienda Heights,8,12,12,13,17,19,22,23,25,27,28,30,30,33,34,34,33,34,35,38,40,43,44,45,1,46,47,49,49,49,51,53,54,56,57,59,62,64,70,70,70,73,78,79,80,84,86,87,93,103,104,110,113,116,122,126,131,134,139,146,148,154,157,159,168,171,174,180,180,186,190,193,199,209,216,221,226,231,234,241,251,253,268,275,277,289,299,307,324,337,353,363,374,388,403,418,433,455,468,476,484,496,519,529,546
Harbor Gateway,0,0,0,0,0,0,0,0,0,0,0,0,0,0,0,0,0,0,0,0,0,0,0,0,45,0,0,0,0,0,0,0,0,0,0,0,0,0,0,0,0,0,0,0,0,0,0,0,0,0,0,0,0,0,0,0,0,0,0,0,0,0,0,0,0,0,0,0,0,0,0,0,0,0,0,0,0,0,0,0,0,0,0,0,0,0,0,0,0,0,0,0,0,0,0,0,0,0,0,0,0,0,0,0,0
Kagel/Lopez Canyons,0,0,0,0,0,0,0,0,0,0,0,0,0,0,0,0,0,0,0,0,0,0,0,0,0,1,1,1,1,1,1,1,1,1,1,1,1,1,1,1,2,2,2,4,4,4,4,4,4,4,5,5,5,5,6,7,7,7,7,8,8,8,8,8,8,8,8,8,8,8,8,8,8,8,8,8,8,8,8,8,8,8,8,8,8,8,8,8,8,9,9,9,10,10,10,10,10,10,10,10,10,10,10,11,12
La Habra Heights,0,0,0,0,0,0,0,0,0,0,0,0,0,0,0,0,0,0,0,0,0,0,0,0,16,0,0,0,0,0,0,0,0,0,0,0,0,0,0,0,0,0,0,0,0,0,0,0,0,0,0,0,0,0,0,0,0,0,0,0,0,0,0,0,0,0,0,0,0,0,0,0,0,0,0,0,0,0,0,0,0,0,0,0,0,0,0,0,0,0,0,0,0,0,0,0,0,0,0,0,0,0,0,0,0
Ladera Heights,5,6,7,8,10,10,12,12,12,12,13,13,14,14,14,15,15,15,15,15,16,16,16,16,1,15,15,15,15,15,15,15,15,15,16,16,17,17,17,17,17,17,17,18,18,17,17,17,18,18,18,18,19,19,19,19,19,20,20,20,19,19,20,20,20,20,20,20,20,20,20,21,21,25,25,25,25,25,25,25,25,25,25,27,27,27,27,27,28,30,30,32,32,32,32,32,33,33,33,34,36,38,42,42,43
Lake Hughes,0,0,0,0,0,0,0,0,0,0,0,0,0,0,0,0,0,0,0,0,0,0,0,0,15,0,0,0,0,0,0,0,0,0,0,0,0,0,0,0,0,0,0,0,0,0,0,0,0,1,1,1,1,1,1,1,1,1,1,1,1,1,1,1,1,1,1,1,1,1,1,1,1,1,1,1,1,1,1,1,1,1,1,1,1,1,1,1,1,1,1,1,1,1,1,1,1,1,1,1,1,1,1,1,1
Lake Los Angeles,0,0,0,0,0,0,0,0,0,0,0,0,0,0,7,7,8,8,8,9,11,13,13,14,0,15,16,16,17,17,17,18,20,21,22,24,24,25,25,25,25,25,25,26,26,26,27,27,27,27,27,27,27,28,28,28,28,28,29,29,29,30,32,33,32,32,32,32,32,32,32,32,32,33,33,33,33,35,35,35,37,37,41,47,48,48,49,49,52,52,55,60,62,64,66,68,70,74,74,77,79,83,89,89,92
Lennox,8,9,10,12,15,16,16,17,17,18,18,18,18,19,19,19,20,21,21,24,30,31,34,35,0,35,41,41,44,45,46,48,55,55,59,61,63,63,65,67,70,71,75,80,80,81,81,82,84,84,85,88,89,89,89,90,90,93,97,99,101,102,103,110,115,124,127,130,132,132,135,137,141,144,145,146,149,152,153,155,164,168,171,171,173,177,184,192,197,203,208,218,221,227,234,240,247,259,264,269,278,288,293,303,325
Leona Valley,0,0,0,0,0,0,0,0,0,0,0,0,0,0,0,0,0,0,0,24,30,31,34,35,35,1,1,1,1,1,1,1,1,1,1,1,1,1,1,1,1,1,2,2,2,2,2,2,2,2,2,2,2,2,2,2,2,2,2,2,2,3,3,3,3,3,3,3,3,3,3,3,3,3,3,3,3,4,4,4,4,4,4,4,4,4,5,6,7,7,7,10,10,10,11,12,13,14,14,14,14,14,14,14,14
Littlerock,0,0,0,0,0,0,0,0,0,0,0,0,0,0,0,0,0,0,0,24,30,31,34,35,1,4,4,4,6,6,6,6,8,9,10,11,11,11,11,11,11,11,14,14,14,14,14,14,14,14,14,14,15,15,15,15,13,13,14,14,14,14,14,14,16,16,16,16,16,16,16,16,16,16,16,17,17,17,17,17,17,20,21,22,22,22,22,22,22,23,23,24,25,25,26,26,27,29,31,31,32,33,33,33,34
Littlerock/Pearblossom,0,0,0,0,0,0,0,0,0,0,0,0,0,0,0,0,0,0,0,24,30,31,6,6,1,6,6,6,6,6,6,6,6,6,7,7,7,7,7,7,10,11,12,13,13,15,15,15,15,16,19,19,20,20,20,20,20,20,20,20,20,20,20,20,20,21,21,21,21,22,22,23,25,26,26,27,27,28,28,28,28,28,28,32,32,32,32,32,35,35,35,35,35,35,36,36,37,37,37,38,39,39,42,42,43
Marina del Rey,5,5,5,5,5,5,5,5,5,6,6,6,6,6,6,6,6,7,7,8,9,9,10,10,1,11,11,11,11,11,11,11,11,11,11,11,11,11,13,13,13,13,13,13,13,13,14,14,14,14,14,14,14,14,14,14,14,14,14,14,15,15,15,15,15,15,15,16,16,16,16,16,16,17,17,16,16,16,17,17,18,18,19,20,20,20,20,20,20,20,20,20,21,23,25,27,29,30,30,30,31,34,34,35,37
Northeast San Gabriel,0,0,0,0,0,0,5,5,5,6,6,6,6,6,7,7,7,7,7,7,8,10,12,12,0,13,13,13,13,14,14,15,16,17,20,20,21,21,22,23,24,24,24,24,27,28,28,30,32,36,37,40,45,45,45,49,52,53,53,58,58,59,60,60,62,63,63,63,64,64,65,66,69,69,70,70,75,76,75,76,82,86,87,90,90,92,95,96,98,99,102,102,107,111,116,121,126,138,142,143,150,155,159,162,169
Quartz Hill,0,0,0,0,0,0,0,0,0,0,5,5,8,11,13,12,14,15,15,17,18,19,22,23,0,25,24,26,27,27,27,27,28,28,29,29,29,29,29,29,29,29,29,29,30,31,31,31,31,32,33,34,37,41,41,42,43,43,44,46,46,46,46,46,46,46,46,46,47,47,47,47,48,48,48,48,48,49,50,49,49,50,52,54,54,55,56,58,58,60,62,62,64,66,69,71,74,74,79,80,81,83,85,88,90
Rancho Dominguez,0,0,0,0,0,0,0,0,5,5,5,5,5,6,6,8,8,8,8,10,10,10,10,10,0,10,10,10,10,10,10,10,10,10,11,11,11,12,12,12,12,12,13,13,13,13,13,13,13,13,13,14,14,14,14,14,17,17,18,18,18,18,18,19,20,20,20,20,20,20,20,20,20,20,21,21,22,22,22,22,23,23,25,26,26,27,27,27,29,30,30,30,31,31,32,33,34,34,35,35,37,40,40,40,43
Rowland Heights,5,6,7,8,8,8,10,10,12,13,15,16,17,19,19,19,23,24,26,31,32,32,35,40,0,44,44,46,48,51,55,57,58,58,61,61,65,67,69,69,70,72,77,79,80,81,82,82,90,94,104,110,116,118,120,121,124,126,130,134,138,141,144,150,157,160,165,171,172,173,175,180,186,189,192,195,197,204,207,208,211,216,221,226,230,237,242,248,257,260,265,273,278,284,291,298,305,318,329,331,339,342,350,355,369
San Pasqual,0,0,0,0,0,0,0,0,0,0,0,0,0,0,0,0,0,0,0,0,0,0,0,0,0,0,0,0,0,0,0,0,0,0,0,0,0,0,0,0,0,0,1,1,1,1,1,1,1,1,1,1,1,1,1,1,1,1,1,1,1,1,1,1,1,1,1,1,1,1,1,1,2,2,2,2,2,2,2,2,2,2,2,3,3,3,4,4,4,4,4,4,4,4,4,4,4,5,5,5,5,6,6,6,6
Santa Monica Mountains,0,0,0,0,5,5,5,5,5,5,6,6,7,7,7,7,7,7,7,7,8,8,8,9,0,9,9,13,13,13,14,14,15,15,16,19,19,19,19,19,19,20,20,20,20,20,20,20,20,20,20,20,20,20,20,21,21,22,22,24,26,26,25,25,26,26,26,26,26,26,26,28,28,28,28,28,28,28,30,31,34,34,35,38,38,38,38,39,42,46,48,49,51,51,52,53,54,57,58,59,61,64,64,65,66
South San Gabriel,5,5,5,5,5,6,6,6,7,7,7,7,7,7,7,7,7,7,7,7,7,7,7,7,0,7,7,8,9,10,10,10,11,11,12,12,14,14,20,20,20,21,23,23,23,23,23,24,26,26,26,27,27,27,28,30,30,30,34,36,37,39,40,40,42,42,47,47,47,50,51,53,53,54,54,57,60,63,64,65,68,69,77,76,76,76,76,78,80,81,84,87,89,90,92,94,96,100,101,101,103,103,105,106,107
Stevenson Ranch,0,5,6,7,7,8,8,10,10,11,11,11,11,11,11,11,12,13,13,14,15,16,16,16,7,16,16,16,16,16,16,17,18,18,19,19,20,21,21,23,23,24,27,27,27,28,28,28,28,28,29,29,30,32,33,33,33,34,34,34,34,34,35,34,34,35,35,36,36,37,37,37,38,39,39,40,41,41,43,44,47,49,49,50,51,52,54,55,57,59,61,66,68,70,72,74,76,76,77,77,77,79,80,82,82
View Park/Windsor Hills,7,7,8,11,12,13,14,14,14,14,14,16,16,16,16,16,17,17,18,19,21,21,21,22,0,23,23,25,25,25,26,27,27,27,28,28,28,28,28,28,28,28,29,29,29,30,31,31,31,31,31,31,31,32,33,34,34,34,34,35,36,36,38,38,37,37,37,39,39,39,38,39,42,45,45,45,45,46,46,47,47,52,52,56,56,56,58,60,62,64,66,66,66,67,68,69,71,73,73,75,77,78,82,84,85
Walnut Park,0,7,8,11,7,8,12,13,17,18,18,20,20,22,22,24,25,27,27,34,36,36,37,37,4,40,40,41,43,45,46,47,48,49,51,52,52,56,57,57,57,60,61,64,65,69,69,71,79,85,89,94,95,97,98,112,113,116,126,135,137,138,139,143,147,147,150,154,156,162,167,176,179,182,186,187,196,198,200,205,215,225,233,239,247,249,254,258,269,276,282,288,294,299,305,310,316,330,332,341,355,362,376,387,395
West Chatsworth,0,0,0,0,0,0,0,0,0,0,0,0,0,0,0,0,0,0,0,0,0,0,0,0,22,0,0,0,0,0,0,0,0,0,0,0,0,0,0,0,0,0,0,0,0,0,0,0,0,0,0,0,0,0,0,0,0,0,0,0,0,0,0,0,0,0,0,0,0,0,0,0,0,0,0,0,0,0,0,0,0,0,0,0,0,0,0,0,0,0,0,0,0,0,0,0,0,0,0,0,0,0,0,0,0
West Puente Valley,0,0,11,17,0,0,0,0,0,6,6,6,6,6,6,6,6,6,6,6,7,7,8,9,39,13,13,15,15,16,17,18,18,19,19,19,20,24,26,27,27,27,29,29,30,31,32,32,33,33,34,35,35,36,37,43,43,43,45,47,47,46,45,46,47,48,48,50,51,53,53,54,59,60,61,63,63,63,63,64,67,68,84,94,98,103,108,115,120,123,128,133,141,147,154,161,168,174,176,179,183,192,199,203,214
West Rancho Dominguez,0,0,0,17,0,0,0,0,0,6,6,6,6,6,6,6,6,6,6,6,7,7,8,9,2,2,2,2,2,2,2,2,2,2,2,2,3,3,3,3,3,3,3,4,3,4,5,5,5,5,5,5,5,5,5,5,5,5,5,6,6,6,8,10,10,10,10,10,10,10,10,10,10,10,10,10,10,10,10,10,10,10,10,10,10,10,10,10,11,11,11,12,12,12,12,12,13,14,14,14,14,14,15,15,15
Whittier Narrows,0,0,0,0,0,0,0,0,0,0,0,0,0,0,0,0,0,0,0,0,0,0,0,0,29,0,0,0,0,0,0,0,0,0,0,0,0,0,0,0,0,0,0,0,0,0,0,0,0,0,0,0,0,0,0,0,0,0,0,0,0,0,0,0,0,0,0,0,0,0,0,0,0,0,0,0,0,0,0,0,0,0,0,0,0,0,0,0,0,0,0,0,0,0,0,0,0,0,0,0,0,0,0,0,0
Willowbrook,5,6,8,10,12,14,15,19,20,20,21,21,21,23,26,26,25,25,25,27,33,37,37,39,0,42,41,42,48,49,52,56,61,63,65,67,70,74,82,82,85,91,96,101,107,113,116,121,124,126,133,140,152,155,175,185,193,200,208,217,228,239,252,267,273,288,297,304,311,316,327,342,347,359,363,371,378,392,400,402,416,429,446,471,478,493,508,522,544,554,570,585,594,609,624,639,655,680,688,699,717,737,754,774,795
